{
  "lang": "your language code (for example: en-US)",
  "data": {
    "main_menu.button_new_game": "New Game",
    "main_menu.button_continue": "Continue",

    "difficulty.easy": "Easy",
    "difficulty.medium": "Medium",
    "difficulty.hard": "Hard",
    "difficulty.expert": "Expert",

    "game.time_played": "Time played: {0}",
    "game.clicks": "Clicks count: {0}",

    "game.exit.title": "Do you really want to quit?",
    "game.exit.subtitle": "(Your progress will be saved)",
    "game.exit.button_ok": "Yes",
    "game.exit.button_cancel": "Cancel",

    "settings.page.main.title": "Settings",
    "settings.page.language.title": "Language",
    "settings.option.name.language": "Language",

    "statistics.title": "Statistics",
    "statistics.games_won": "Games won:",
    "statistics.games_started": "Games started:",
    "statistics.win_rate": "Win rate:",
    "statistics.time_best": "Best time:",
    "statistics.time_avg": "Average time:",
    "statistics.clicks_min": "Min clicks count:",
    "statistics.clicks_avg": "Average clicks count:",
    "statistics.button_reset": "{0}Reset statistics ({1})",

    "statistics.reset.message": "Do you really want to reset statistics for selected mode?",
    "statistics.reset.button_ok": "{0}Yes",
    "statistics.reset.button_cancel": "Cancel",

    "win_screen.victory": "VICTORY!",
    "win_screen.button_new_game": "New Game",
    "win_screen.button_back_to_menu": "Back to Menu",
    "win_screen.difficulty": "Difficulty: {0}",
    "win_screen.time": "Time: {0}",
    "win_screen.clicks": "Clicks: {0}",

    "rate_us.title": "Do you like Hitori app?",
    "rate_us.description": "If you enjoy Hitori, please take a moment to rate this app. It won't take more than a minute, but it will help us a lot. Thank you for your support! :)",
    "rate_us.button_rate": "Rate now",
    "rate_us.button_later": "Remind later",
    "rate_us.button_no_thanks": "No, thanks",

    "tutorial.button_skip": "Skip",
    "tutorial.button_finish": "Finish",
    "tutorial.button_next": "Next",
    "tutorial.button_prev": "Prev",

    "welcome.button_tutorial": "Tutorial",
    "welcome.button_start_game": "Start the game",

    "tutorial_tips.button_ok": "Ok",

    "gdpr.title": "Personalize Your\nAd Experience",
    "gdpr.content": "This Application personalizes your advertising experience using Appodeal. Appodeal and its partners may collect and process personal data such as device identifiers, location data, and other demographic and interest data to provide advertising experience tailored to you. By consenting to this improved ad experience, you'll see ads that Appodeal and its partners believe are more relevant to you.\n<#FF3B30><u><link=\"https://www.appodeal.com/privacy-policy\">Learn more</link></u></color>\nBy agreeing, you confirm that you are over the age of 16 and would like a personalized ad experience.",
    "gdpr.button_agree": "Yes, I agree",
    "gdpr.button_decline": "No, thank you",
    "gdpr.decline_description": "I understand that i will see ads, but they may not be as relevant to my interests"
  },
  "collections": {
    "tutorial.collection_step": [
      "Hitori is like opposite of sudoku.\nAll numbers are presented and your goal is to eliminate all repetitions in rows and columns.",
      "The repetitions are marked in dark gray.\nThe board solved looks like this:",
      "Dark gray can not cross either vertically or horizontally.",
      "White background numbers must form a single component vertically or horizontally connected.",
      "With some techniques is easy to solve a hitori puzzle.\nSecond click on a number will mark the field light gray."
    ],
    "welcome.collection_welcome": [
      "WELCOME",
      "to the Hitori puzzle game!",
      "Do you want to go through a tutorial or start a game directly?"
    ],
    "tutorial_tips.collection_steps": [
      "Configure game language if need!",
      "You can open tutorial anytime!",
      "You can also see your own statistics!"
    ]
  }
}