{
  "lang": "ru-RU",
  "data": {
    "main_menu.button_new_game": "Новая игра",
    "main_menu.button_continue": "Продолжить",

    "difficulty.easy": "Легкая",
    "difficulty.medium": "Средняя",
    "difficulty.hard": "Тяжелая",
    "difficulty.expert": "Эксперт",

    "game.time_played": "Время игры: {0}",
    "game.clicks": "Кол-во кликов: {0}",

    "game.exit.title": "Вы действительно хотите выйти?",
    "game.exit.subtitle": "(Прогресс будет сохранен)",
    "game.exit.button_ok": "Да",
    "game.exit.button_cancel": "Отмена",

    "settings.page.main.title": "Настройки",
    "settings.page.language.title": "Язык",
    "settings.option.name.language": "Язык",

    "statistics.title": "Статистика",
    "statistics.games_won": "Выигранных игр:",
    "statistics.games_started": "Начатых игр:",
    "statistics.win_rate": "Процент побед:",
    "statistics.time_best": "Лучшее время:",
    "statistics.time_avg": "Среднее время:",
    "statistics.clicks_min": "Мин. кол-во кликов:",
    "statistics.clicks_avg": "Среднее кол-во кликов:",
    "statistics.button_reset": "{0}Сбросить статистику ({1})",

    "statistics.reset.message": "Вы действительно хотите сбросить статистику для выбранного режима?",
    "statistics.reset.button_ok": "{0}Да",
    "statistics.reset.button_cancel": "Отмена",

    "win_screen.victory": "ПОБЕДА!",
    "win_screen.button_new_game": "Новая игра",
    "win_screen.button_back_to_menu": "Назад в Меню",
    "win_screen.difficulty": "Сложность: {0}",
    "win_screen.time": "Время: {0}",
    "win_screen.clicks": "Кликов: {0}",

    "rate_us.title": "Как Вам приложение Hitori?",
    "rate_us.description": "Если вам нравится Hitori, пожалуйста, найдите время, чтобы оценить игру. Это займет не более минуты, но очень сильно нам поможет. Спасибо за Вашу поддержку! :)",
    "rate_us.button_rate": "Оценить",
    "rate_us.button_later": "Чуть позже",
    "rate_us.button_no_thanks": "Нет, спасибо",

    "tutorial.button_skip": "Пропустить",
    "tutorial.button_finish": "Завершить",
    "tutorial.button_next": "Далее",
    "tutorial.button_prev": "Назад",

    "welcome.button_tutorial": "Обучение",
    "welcome.button_start_game": "Начать игру",

    "tutorial_tips.button_ok": "Ок",

    "gdpr.title": "Персонализируйте свою\nрекламу",
    "gdpr.content": "Это приложение персонализирует ваш рекламный опыт с помощью Appodeal. Appodeal и его партнеры могут собирать и обрабатывать персональные данные, такие как идентификаторы устройств, данные о местонахождении и другие демографические данные и данные об интересах, чтобы предоставить релевантную рекламу специально для вас. Согласившись с этим улучшенным рекламным интерфейсом, вы увидите рекламу, которая, по мнению Appodeal, и ее партнеров более актуальна для вас.\n<#FF3B30><u><link=\"https://www.appodeal.com/privacy-policy\">Подробнее</link></u></color>\nСоглашаясь, вы подтверждаете, что вы старше 16 лет и хотите получать персонализированную рекламу.",
    "gdpr.button_agree": "Я согласен",
    "gdpr.button_decline": "Нет, спасибо",
    "gdpr.decline_description": "Я понимаю, что буду видеть рекламу, но она может быть нерелевантной"
  },
  "collections": {
    "tutorial.collection_step": [
      "Hitori чем-то похожа на Судоку.\nНа доске представлены числа, ваша задача - закрасить все повторяющиеся клетки в строках и столбцах.",
      "Повторяющиеся клетки закрашены темно-серым.\nРешенный уровень выглядит так:",
      "Закрашенные клетки не должны касаться друг друга по вертикали и горизонтали",
      "Незакрашенные клетки должны образовывать единую фигуру\n(из одной клетки можно добраться до любой другой, двигаясь по вертикали или горизонтали)",
      "Некоторые приемы позволяют упростить процесс решения.\nВторой клик по клетке окрасит ее в светло-серый цвет."
    ],
    "welcome.collection_welcome": [
      "МЫ РАДЫ",
      "поприветствовать вас в игре Хитори!",
      "Хотите пройти обучение или сразу приступите к игре?"
    ],
    "tutorial_tips.collection_steps": [
      "Поменяй язык в игре, если нужно!",
      "Вы можете пройти обучение когда угодно!",
      "А здесь вы можете посмотреть свою статистику"
    ]
  }
}